Week,Maximum temperature (Degree C),Minimum temperature (Degree C),Rainfall amount (millimetres),Mean temperature (Degree C)
Week1 (2010-05-30),5.351428571428571,1.74,309.6,3.545714285714286
Week2 (2010-06-06),5.612244897959184,-0.3510204081632653,245.4,2.6306122448979594
Week3 (2010-06-13),0.46938775510204084,-4.375510204081633,121.0,-1.953061224489796
Week4 (2010-06-20),2.1714285714285717,-1.8571428571428572,368.8,0.15714285714285725
Week5 (2010-06-27),2.9071428571428575,-1.830232558139535,287.40000000000003,0.5384551495016613
Week6 (2010-07-04),-0.5023809523809524,-5.433333333333333,26.4,-2.9678571428571425
Week7 (2010-07-11),3.153191489361702,-2.9404255319148933,199.2,0.1063829787234043
Week8 (2010-07-18),1.436734693877551,-3.589795918367347,556.4,-1.076530612244898
Week9 (2010-07-25),2.4918367346938775,-3.742857142857143,48.6,-0.6255102040816327
Week10 (2010-08-01),3.010204081632653,-1.3816326530612246,206.6,0.8142857142857142
Week11 (2010-08-08),-0.15918367346938778,-4.687755102040816,280.0,-2.4234693877551017
Week12 (2010-08-15),2.0979591836734692,-2.9857142857142858,264.6,-0.44387755102040827
Week13 (2010-08-22),-0.22653061224489793,-4.481632653061224,421.0,-2.354081632653061
Week14 (2010-08-29),-0.5122448979591837,-4.826530612244898,289.2,-2.669387755102041
Week15 (2010-09-05),4.146938775510204,-1.4816326530612243,898.6,1.33265306122449
Week16 (2010-09-12),1.920408163265306,-2.938775510204082,319.4,-0.5091836734693879
Week17 (2010-09-19),3.2142857142857144,-2.461224489795918,63.2,0.37653061224489814
Week18 (2010-09-26),8.006122448979593,0.4061224489795918,10.0,4.206122448979592
Week19 (2010-10-03),5.442857142857143,-2.0142857142857142,60.800000000000004,1.7142857142857144
Week20 (2010-10-10),9.76530612244898,2.1061224489795918,184.0,5.935714285714286
Week21 (2010-10-17),6.773469387755101,1.3591836734693876,807.8,4.066326530612244
Week22 (2010-10-24),9.951020408163266,1.4040816326530612,132.6,5.677551020408163
Week23 (2010-10-31),10.66734693877551,3.6122448979591835,588.1999999999999,7.139795918367347
Week24 (2010-11-07),6.795833333333333,-0.33877551020408164,211.6,3.228528911564626
Week25 (2010-11-14),14.893333333333334,8.711363636363636,508.2,11.802348484848485
Week26 (2010-11-21),12.542857142857143,3.5020408163265304,200.2,8.022448979591836
Week27 (2010-11-28),14.82857142857143,8.908163265306122,432.0,11.868367346938776
Week28 (2010-12-05),13.644897959183673,6.4734693877551015,492.4,10.059183673469388
Week29 (2010-12-12),12.33469387755102,6.691489361702128,565.8,9.513091619626573
Week30 (2010-12-19),10.695238095238095,3.897727272727273,187.0,7.296482683982684
Week31 (2010-12-26),13.229787234042552,4.389130434782609,330.0,8.809458834412581
Week32 (2011-01-02),17.383673469387755,7.808163265306123,39.2,12.59591836734694
Week33 (2011-01-09),17.481632653061226,7.689795918367347,8.600000000000001,12.585714285714285
Week34 (2011-01-16),17.57659574468085,11.610638297872342,605.8,14.593617021276597
Week35 (2011-01-23),17.772727272727273,8.459999999999999,30.0,13.116363636363637
Week36 (2011-01-30),19.304444444444446,9.254545454545454,70.8,14.27949494949495
Week37 (2011-02-06),19.3,13.40408163265306,1328.0,16.35204081632653
Week38 (2011-02-13),15.844897959183672,6.86734693877551,578.8,11.35612244897959
Week39 (2011-02-20),15.19795918367347,8.6,637.4,11.898979591836735
Week40 (2011-02-27),15.158333333333333,6.027083333333334,61.6,10.592708333333334
Week41 (2011-03-06),12.212765957446809,3.3130434782608695,69.8,7.762904717853839
Week42 (2011-03-13),14.872340425531915,8.830434782608695,202.4,11.851387604070304
Week43 (2011-03-20),14.971428571428572,7.5088888888888885,115.2,11.24015873015873
Week44 (2011-03-27),11.26530612244898,5.573469387755103,470.8,8.419387755102042
Week45 (2011-04-03),11.514285714285716,2.9979591836734696,42.6,7.256122448979593
Week46 (2011-04-10),11.13877551020408,2.8040816326530615,192.0,6.9714285714285715
Week47 (2011-04-17),5.953061224489796,-0.028571428571428553,360.0,2.9622448979591836
Week48 (2011-04-24),8.573469387755102,2.4877551020408166,136.0,5.530612244897959
Week49 (2011-05-01),11.13265306122449,2.6755102040816325,1.4,6.904081632653061
Week50 (2011-05-08),7.351020408163265,0.9204081632653062,65.4,4.135714285714285
Week51 (2011-05-15),1.3306122448979592,-4.557142857142857,234.0,-1.613265306122449
Week52 (2011-05-22),7.620408163265306,1.1020408163265305,2.6,4.361224489795918
Week53 (2011-05-29),3.5816326530612246,-1.6102040816326533,495.6,0.9857142857142857
Week54 (2011-06-05),5.042857142857143,-0.17551020408163268,118.4,2.433673469387755
Week55 (2011-06-12),-0.5816326530612245,-4.559183673469388,172.6,-2.570408163265306
Week56 (2011-06-19),2.269387755102041,-1.7428571428571429,105.4,0.263265306122449
Week57 (2011-06-26),1.4285714285714286,-2.2367346938775508,321.8,-0.4040816326530611
Week58 (2011-07-03),5.2,-1.7040816326530612,0.4,1.7479591836734696
Week59 (2011-07-10),-1.0122448979591836,-4.06734693877551,496.0,-2.539795918367347
Week60 (2011-07-17),0.15208333333333338,-4.8826086956521735,152.4,-2.36526268115942
Week61 (2011-07-24),0.8938775510204082,-2.906122448979592,290.6,-1.006122448979592
Week62 (2011-07-31),2.426530612244898,-2.4833333333333334,74.4,-0.028401360544217713
Week63 (2011-08-07),5.316326530612245,1.863265306122449,182.6,3.589795918367347
Week64 (2011-08-14),2.6530612244897958,-3.1244897959183673,265.8,-0.23571428571428577
Week65 (2011-08-21),4.5836734693877546,-1.3510204081632653,224.6,1.6163265306122447
Week66 (2011-08-28),7.161224489795918,-0.22653061224489798,6.0,3.4673469387755103
Week67 (2011-09-04),6.1,-1.063265306122449,27.0,2.518367346938775
Week68 (2011-09-11),1.8571428571428572,-2.1755555555555555,302.40000000000003,-0.15920634920634913
Week69 (2011-09-18),6.93265306122449,-1.0319148936170213,41.400000000000006,2.950369083803734
Week70 (2011-09-25),6.914285714285715,-0.3244897959183673,172.0,3.2948979591836736
Week71 (2011-10-02),4.495833333333334,-0.5851063829787234,724.8,1.955363475177305
Week72 (2011-10-09),6.6866666666666665,0.3477272727272727,79.4,3.5171969696969696
Week73 (2011-10-16),7.914285714285715,0.12040816326530608,101.6,4.0173469387755105
Week74 (2011-10-23),13.574418604651164,3.8651162790697677,39.6,8.719767441860466
Week75 (2011-10-30),10.678571428571429,3.9523809523809526,439.4,7.315476190476191
Week76 (2011-11-06),13.023809523809524,3.0095238095238095,107.4,8.016666666666666
Week77 (2011-11-13),13.666666666666666,6.578571428571429,659.4,10.122619047619047
Week78 (2011-11-20),14.216666666666667,7.697619047619048,339.2,10.957142857142857
Week79 (2011-11-27),11.42608695652174,3.5478260869565217,838.2,7.486956521739131
Week80 (2011-12-04),12.06734693877551,3.5183673469387755,242.79999999999998,7.792857142857143
Week81 (2011-12-11),13.583673469387756,4.122448979591836,128.6,8.853061224489796
Week82 (2011-12-18),13.46326530612245,4.1387755102040815,128.6,8.801020408163266
Week83 (2011-12-25),15.868085106382978,7.677777777777778,337.4,11.772931442080377
Week84 (2012-01-01),16.64081632653061,6.591836734693878,163.0,11.616326530612245
Week85 (2012-01-08),17.651020408163266,9.144897959183673,115.2,13.39795918367347
Week86 (2012-01-15),10.70204081632653,1.6897959183673468,315.8,6.1959183673469385
Week87 (2012-01-22),18.751020408163264,9.228571428571428,37.4,13.989795918367346
Week88 (2012-01-29),20.351020408163265,9.312244897959184,68.2,14.831632653061224
Week89 (2012-02-05),14.254761904761907,7.076744186046512,517.0,10.665753045404209
Week90 (2012-02-12),13.714893617021277,4.684782608695652,146.4,9.199838112858465
Week91 (2012-02-19),16.567346938775508,8.287755102040817,165.2,12.427551020408163
Week92 (2012-02-26),17.285714285714285,8.963265306122448,71.8,13.124489795918366
Week93 (2012-03-04),12.475510204081631,8.06326530612245,2047.2,10.269387755102041
Week94 (2012-03-11),11.451020408163266,3.8591836734693876,235.8,7.6551020408163275
Week95 (2012-03-18),14.428571428571429,7.547916666666667,366.4,10.988244047619048
Week96 (2012-03-25),10.002040816326529,2.5714285714285716,122.4,6.28673469387755
Week97 (2012-04-01),12.346938775510203,5.304081632653061,91.8,8.825510204081631
Week98 (2012-04-08),13.977551020408162,6.20204081632653,25.0,10.089795918367347
Week99 (2012-04-15),9.244897959183673,1.0714285714285714,79.39999999999999,5.158163265306122
Week100 (2012-04-22),11.544897959183674,6.06938775510204,217.8,8.807142857142857
Week101 (2012-04-29),5.959183673469388,0.6183673469387755,338.8,3.288775510204082
Week102 (2012-05-06),5.585714285714285,-0.32653061224489793,235.6,2.6295918367346935
Week103 (2012-05-13),5.412244897959184,0.6489795918367347,73.39999999999999,3.0306122448979593
Week104 (2012-05-20),5.240816326530613,-1.7874999999999999,77.8,1.7266581632653066
Week105 (2012-05-27),2.973469387755102,-1.314285714285714,261.2,0.8295918367346939
Week106 (2012-06-03),7.053061224489796,-0.5265306122448979,53.599999999999994,3.2632653061224492
Week107 (2012-06-10),2.13265306122449,-2.746938775510204,507.0,-0.30714285714285716
Week108 (2012-06-17),3.317777777777778,-1.2913043478260868,91.6,1.0132367149758457
Week109 (2012-06-24),0.6,-3.3238095238095235,387.0,-1.3619047619047617
Week110 (2012-07-01),0.4295454545454545,-2.8068181818181817,177.4,-1.1886363636363635
Week111 (2012-07-08),0.5380952380952381,-5.173809523809524,121.6,-2.317857142857143
Week112 (2012-07-15),2.0395833333333333,-1.5125,434.8,0.2635416666666667
Week113 (2012-07-22),1.8918367346938776,-3.4142857142857146,95.6,-0.7612244897959185
Week114 (2012-07-29),1.5877551020408163,-2.704081632653061,147.2,-0.5581632653061224
Week115 (2012-08-05),0.06326530612244897,-4.4346938775510205,87.2,-2.185714285714286
Week116 (2012-08-12),0.008163265306122457,-4.159183673469387,294.0,-2.0755102040816324
Week117 (2012-08-19),0.4163265306122449,-3.216326530612245,314.0,-1.4
Week118 (2012-08-26),1.4510204081632652,-3.7489795918367346,319.4,-1.1489795918367347
Week119 (2012-09-02),1.5755102040816327,-4.297959183673469,224.2,-1.361224489795918
Week120 (2012-09-09),3.9530612244897956,-0.6836734693877551,394.4,1.6346938775510202
Week121 (2012-09-16),5.826530612244898,-1.6591836734693877,140.20000000000002,2.0836734693877554
Week122 (2012-09-23),6.704081632653061,0.9224489795918368,73.80000000000001,3.813265306122449
Week123 (2012-09-30),5.904081632653061,-0.842857142857143,280.8,2.5306122448979593
Week124 (2012-10-07),9.748979591836735,1.4591836734693877,226.0,5.604081632653061
Week125 (2012-10-14),4.0081632653061225,-2.7693877551020405,212.4,0.619387755102041
Week126 (2012-10-21),11.122448979591837,2.9224489795918367,168.6,7.022448979591837
Week127 (2012-10-28),10.73469387755102,-0.31632653061224486,63.2,5.209183673469388
Week128 (2012-11-04),13.359183673469389,4.057142857142857,105.6,8.708163265306123
Week129 (2012-11-11),12.43913043478261,4.891304347826087,478.40000000000003,8.665217391304349
Week130 (2012-11-18),11.2,2.3833333333333337,5.6,6.791666666666666
Week131 (2012-11-25),16.334693877551018,4.8125,22.4,10.573596938775509
Week132 (2012-12-02),18.124489795918368,10.863265306122448,167.0,14.493877551020407
Week133 (2012-12-09),12.03265306122449,2.8020408163265307,98.4,7.417346938775511
Week134 (2012-12-16),15.206249999999999,7.197916666666667,540.2,11.202083333333333
Week135 (2012-12-23),16.820408163265306,6.041666666666667,91.6,11.431037414965987
Week136 (2012-12-30),15.19795918367347,5.391666666666667,78.0,10.294812925170069
Week137 (2013-01-06),22.83125,11.802173913043477,3.4,17.31671195652174
Week138 (2013-01-13),19.124489795918368,9.638775510204082,34.599999999999994,14.381632653061224
Week139 (2013-01-20),20.514285714285716,7.546938775510204,64.6,14.03061224489796
Week140 (2013-01-27),20.430612244897958,9.871428571428572,52.2,15.151020408163266
Week141 (2013-02-03),14.914285714285713,5.018367346938776,113.2,9.966326530612244
Week142 (2013-02-10),20.46938775510204,10.224489795918368,9.4,15.346938775510203
Week143 (2013-02-17),19.087755102040816,7.963265306122449,91.4,13.525510204081632
Week144 (2013-02-24),18.928571428571427,9.63469387755102,63.6,14.281632653061223
Week145 (2013-03-03),14.818367346938777,7.59795918367347,845.4,11.208163265306123
Week146 (2013-03-10),20.869387755102043,10.306122448979592,0.2,15.587755102040816
Week147 (2013-03-17),16.189795918367345,8.375510204081632,75.2,12.282653061224488
Week148 (2013-03-24),10.840816326530613,3.128571428571429,408.59999999999997,6.98469387755102
Week149 (2013-03-31),12.977551020408162,5.2877551020408164,449.6,9.13265306122449
Week150 (2013-04-07),11.23469387755102,2.993877551020408,49.8,7.114285714285714
Week151 (2013-04-14),12.93469387755102,6.2693877551020405,52.4,9.60204081632653
Week152 (2013-04-21),7.040816326530612,0.9448979591836734,119.39999999999999,3.9928571428571424
Week153 (2013-04-28),7.244897959183674,1.7857142857142858,146.6,4.51530612244898
Week154 (2013-05-05),7.228571428571429,0.1836734693877551,102.6,3.706122448979592
Week155 (2013-05-12),11.03061224489796,2.5448979591836736,1.7999999999999998,6.7877551020408164
Week156 (2013-05-19),1.0775510204081633,-1.3510204081632653,543.8,-0.136734693877551
Week157 (2013-05-26),4.828571428571428,-1.2591836734693878,94.4,1.7846938775510202
Week158 (2013-06-02),6.1408163265306115,1.6489795918367347,801.4,3.894897959183673
Week159 (2013-06-09),7.2562500000000005,-0.6673469387755101,160.0,3.2944515306122453
Week160 (2013-06-16),2.5285714285714285,-0.7693877551020408,367.0,0.8795918367346938
Week161 (2013-06-23),1.8183673469387758,-3.73265306122449,96.2,-0.9571428571428571
Week162 (2013-06-30),5.097872340425532,-0.8145833333333333,99.60000000000001,2.1416445035460994
Week163 (2013-07-07),1.1897959183673468,-2.377083333333333,144.2,-0.5936437074829932
Week164 (2013-07-14),2.546938775510204,-3.1265306122448977,82.8,-0.28979591836734686
Week165 (2013-07-21),2.9428571428571426,0.7020408163265306,815.6,1.8224489795918366
Week166 (2013-07-28),2.7653061224489797,-2.9489795918367347,51.8,-0.09183673469387754
Week167 (2013-08-04),2.416326530612245,-2.126530612244898,297.6,0.14489795918367343
Week168 (2013-08-11),1.2326530612244897,-3.010204081632653,409.2,-0.8887755102040816
Week169 (2013-08-18),1.6020408163265305,-2.910204081632653,379.6,-0.6540816326530612
Week170 (2013-08-25),0.5291666666666667,-3.3448979591836734,426.8,-1.4078656462585033
Week171 (2013-09-01),6.977551020408163,1.120408163265306,126.6,4.048979591836734
Week172 (2013-09-08),10.244897959183673,4.236734693877551,29.6,7.240816326530612
Week173 (2013-09-15),5.336734693877551,-1.5816326530612246,155.8,1.8775510204081631
Week174 (2013-09-22),4.791836734693877,0.2571428571428571,577.4,2.524489795918367
Week175 (2013-09-29),8.251020408163265,1.2673469387755103,143.6,4.759183673469388
Week176 (2013-10-06),8.185714285714287,0.6755102040816326,335.6,4.43061224489796
Week177 (2013-10-13),10.893877551020408,1.6775510204081634,105.6,6.285714285714286
Week178 (2013-10-20),8.53061224489796,-0.9612244897959183,155.20000000000002,3.7846938775510206
Week179 (2013-10-27),8.018367346938774,1.75,503.40000000000003,4.884183673469387
Week180 (2013-11-03),11.791836734693877,2.753061224489796,24.6,7.272448979591837
Week181 (2013-11-10),12.777551020408163,2.6183673469387756,96.0,7.697959183673469
Week182 (2013-11-17),7.3591836734693885,0.24285714285714283,504.2,3.8010204081632657
Week183 (2013-11-24),13.83061224489796,4.912244897959184,114.8,9.371428571428572
Week184 (2013-12-01),14.49795918367347,3.059183673469388,111.8,8.778571428571428
Week185 (2013-12-08),13.114285714285714,4.251020408163265,542.0,8.682653061224489
Week186 (2013-12-15),13.040816326530612,4.357142857142857,75.8,8.698979591836734
Week187 (2013-12-22),21.914285714285715,11.140816326530611,22.4,16.52755102040816
Week188 (2013-12-29),16.018367346938774,6.608163265306123,261.59999999999997,11.31326530612245
Week189 (2014-01-05),14.318367346938777,5.179591836734694,42.6,9.748979591836736
Week190 (2014-01-12),16.66938775510204,5.357142857142857,31.8,11.013265306122449
Week191 (2014-01-19),26.353061224489796,15.23469387755102,38.6,20.793877551020408
Week192 (2014-01-26),16.759183673469387,6.118367346938776,402.4,11.438775510204081
Week193 (2014-02-02),24.436734693877554,13.93673469387755,3.1999999999999997,19.186734693877554
Week194 (2014-02-09),21.848979591836734,10.412244897959184,20.4,16.13061224489796
Week195 (2014-02-16),19.775510204081634,11.346938775510203,227.0,15.561224489795919
Week196 (2014-02-23),15.614285714285714,4.846938775510204,145.4,10.230612244897959
Week197 (2014-03-02),16.457142857142856,8.228571428571428,130.2,12.342857142857142
Week198 (2014-03-09),17.542857142857144,8.402040816326531,107.0,12.972448979591839
Week199 (2014-03-16),15.130612244897959,7.96530612244898,257.0,11.54795918367347
Week200 (2014-03-23),12.746938775510204,5.142857142857143,226.2,8.944897959183674
Week201 (2014-03-30),12.56734693877551,6.622448979591836,301.6,9.594897959183672
Week202 (2014-04-06),13.040816326530612,6.9437500000000005,273.0,9.992283163265306
Week203 (2014-04-13),10.689795918367347,5.463265306122449,523.2,8.076530612244898
Week204 (2014-04-20),8.16530612244898,0.5387755102040817,42.4,4.3520408163265305
Week205 (2014-04-27),8.830612244897958,1.8714285714285714,76.0,5.351020408163265
Week206 (2014-05-04),4.953061224489796,0.08367346938775509,271.6,2.5183673469387755
Week207 (2014-05-11),5.906122448979591,-1.2142857142857142,229.2,2.3459183673469384
Week208 (2014-05-18),8.884444444444444,2.6934782608695653,1.0,5.7889613526570045
Week209 (2014-05-25),7.480434782608696,4.284782608695652,294.2,5.8826086956521735
Week210 (2014-06-01),7.036734693877551,2.573469387755102,558.6,4.805102040816326
Week211 (2014-06-08),4.942857142857143,-0.15102040816326534,326.8,2.3959183673469386
Week212 (2014-06-15),5.022448979591837,-0.33877551020408164,236.2,2.3418367346938775
Week213 (2014-06-22),4.683673469387755,-0.44081632653061226,125.39999999999999,2.1214285714285714
Week214 (2014-06-29),0.3081632653061224,-2.5530612244897957,634.2,-1.1224489795918366
Week215 (2014-07-06),1.236734693877551,-2.363265306122449,301.2,-0.563265306122449
Week216 (2014-07-13),-0.2,-3.516326530612245,257.0,-1.8581632653061226
Week217 (2014-07-20),0.14897959183673465,-3.6857142857142855,244.0,-1.7683673469387755
Week218 (2014-07-27),3.0367346938775515,-1.9428571428571428,104.2,0.5469387755102043
Week219 (2014-08-03),0.8142857142857143,-2.9562500000000003,379.0,-1.0709821428571429
Week220 (2014-08-10),2.6367346938775507,-3.26734693877551,25.8,-0.3153061224489797
Week221 (2014-08-17),3.3877551020408165,-4.757142857142857,46.4,-0.6846938775510203
Week222 (2014-08-24),4.763265306122449,-1.2224489795918367,162.6,1.770408163265306
Week223 (2014-08-31),6.771428571428571,-0.4387755102040816,74.4,3.166326530612245
Week224 (2014-09-07),4.161224489795918,-2.522448979591837,153.0,0.8193877551020408
Week225 (2014-09-14),5.793877551020408,0.05102040816326532,326.2,2.9224489795918367
Week226 (2014-09-21),5.144897959183673,-1.5244897959183674,125.2,1.8102040816326528
Week227 (2014-09-28),9.591836734693878,2.0877551020408163,188.0,5.839795918367347
Week228 (2014-10-05),10.791836734693877,1.5408163265306123,45.6,6.166326530612245
Week229 (2014-10-12),11.53061224489796,3.6612244897959183,284.8,7.595918367346939
Week230 (2014-10-19),7.346938775510204,-0.21020408163265314,289.0,3.5683673469387758
Week231 (2014-10-26),17.622448979591837,7.346938775510204,2.2,12.48469387755102
Week232 (2014-11-02),10.855102040816327,3.1306122448979594,264.2,6.992857142857143
Week233 (2014-11-09),15.26122448979592,3.989795918367347,10.2,9.625510204081634
Week234 (2014-11-16),15.77659574468085,7.29375,253.0,11.535172872340425
Week235 (2014-11-23),15.67142857142857,6.171428571428571,88.2,10.92142857142857
Week236 (2014-11-30),14.693877551020408,5.110204081632653,267.0,9.902040816326531
Week237 (2014-12-07),15.651020408163264,8.755102040816327,622.0,12.203061224489796
Week238 (2014-12-14),14.83061224489796,6.2306122448979595,246.6,10.53061224489796
Week239 (2014-12-21),16.081632653061224,4.830612244897959,65.0,10.456122448979592
Week240 (2014-12-28),16.402040816326533,7.2,156.8,11.801020408163266
Week241 (2015-01-04),18.20408163265306,8.204081632653061,29.6,13.204081632653061
Week242 (2015-01-11),18.369387755102043,11.155102040816328,468.8,14.762244897959185
Week243 (2015-01-18),14.306122448979592,6.681632653061224,374.6,10.493877551020407
Week244 (2015-01-25),17.81860465116279,8.811363636363636,229.0,13.314984143763212
Week245 (2015-02-01),11.180952380952382,2.7785714285714285,52.0,6.979761904761905
Week246 (2015-02-08),18.14468085106383,6.772340425531915,2.8,12.458510638297872
Week247 (2015-02-15),18.057142857142857,9.620408163265306,339.4,13.838775510204082
Week248 (2015-02-22),19.993877551020407,10.955102040816326,129.0,15.474489795918366
Week249 (2015-03-01),16.393478260869564,9.058695652173913,170.8,12.726086956521739
Week250 (2015-03-08),13.628571428571428,4.0836734693877546,36.4,8.85612244897959
Week251 (2015-03-15),14.63877551020408,5.208163265306122,14.400000000000002,9.923469387755102
Week252 (2015-03-22),15.122448979591837,5.740816326530613,63.8,10.431632653061225
Week253 (2015-03-29),9.987755102040817,2.7387755102040816,139.8,6.363265306122449
Week254 (2015-04-05),13.33265306122449,5.016326530612245,20.6,9.174489795918367
Week255 (2015-04-12),8.904081632653062,2.1551020408163266,212.2,5.529591836734694
Week256 (2015-04-19),9.955102040816326,4.771428571428571,682.6,7.3632653061224485
Week257 (2015-04-26),6.104166666666667,1.0387755102040817,352.0,3.5714710884353744
Week258 (2015-05-03),8.810204081632653,0.473469387755102,30.8,4.641836734693878
Week259 (2015-05-10),3.871428571428571,0.20816326530612247,387.0,2.039795918367347
Week260 (2015-05-17),5.179591836734694,-0.9081632653061225,409.0,2.135714285714286
Week261 (2015-05-24),7.363265306122449,1.0040816326530613,242.0,4.183673469387755
Week262 (2015-05-31),4.308163265306122,0.710204081632653,193.0,2.5091836734693875
Week263 (2015-06-07),2.728571428571428,-4.244897959183674,178.6,-0.7581632653061228
Week264 (2015-06-14),7.060869565217391,-0.6361702127659574,69.6,3.212349676225717
Week265 (2015-06-21),3.55,-1.2523809523809522,241.0,1.1488095238095237
Week266 (2015-06-28),6.378571428571428,-0.7523809523809524,29.6,2.813095238095238
Week267 (2015-07-05),3.185714285714286,-3.7452380952380957,54.0,-0.2797619047619049
Week268 (2015-07-12),1.5191489361702128,-3.008888888888889,177.4,-0.744869976359338
Week269 (2015-07-19),-0.8306122448979593,-5.089795918367347,320.8,-2.960204081632653
Week270 (2015-07-26),0.9142857142857144,-2.3183673469387753,297.2,-0.7020408163265305
Week271 (2015-08-02),0.5714285714285714,-3.7693877551020405,283.4,-1.5989795918367347
Week272 (2015-08-09),-0.6387755102040815,-5.153061224489796,211.20000000000002,-2.8959183673469386
Week273 (2015-08-16),1.2448979591836735,-2.861224489795918,75.8,-0.8081632653061223
Week274 (2015-08-23),3.583673469387755,-2.277551020408163,146.2,0.653061224489796
Week275 (2015-08-30),1.7551020408163265,-2.1408163265306124,339.8,-0.19285714285714295
Week276 (2015-09-06),4.571111111111111,-2.4478260869565216,74.6,1.0616425120772945
Week277 (2015-09-13),6.495238095238095,-0.842857142857143,107.0,2.826190476190476
Week278 (2015-09-20),6.911904761904762,-0.11666666666666667,78.6,3.397619047619048
Week279 (2015-09-27),4.454761904761905,-2.130952380952381,98.19999999999999,1.161904761904762
Week280 (2015-10-04),12.902380952380952,3.7571428571428576,1.2000000000000002,8.329761904761904
Week281 (2015-10-11),16.321428571428573,6.9,148.0,11.610714285714288
Week282 (2015-10-18),14.791666666666666,6.172340425531916,45.199999999999996,10.48200354609929
Week283 (2015-10-25),13.375510204081632,5.857142857142857,184.79999999999998,9.616326530612245
Week284 (2015-11-01),13.679591836734692,4.13265306122449,82.2,8.906122448979591
Week285 (2015-11-08),13.104081632653061,5.2122448979591836,493.2,9.158163265306122
Week286 (2015-11-15),14.046666666666667,5.939130434782609,301.8,9.992898550724638
Week287 (2015-11-22),16.847916666666666,6.976595744680851,27.8,11.912256205673758
Week288 (2015-11-29),12.877551020408163,3.148979591836735,23.2,8.013265306122449
Week289 (2015-12-06),17.191836734693876,5.089795918367347,51.4,11.140816326530611
Week290 (2015-12-13),14.704081632653061,6.759183673469387,178.8,10.731632653061224
Week291 (2015-12-20),21.46530612244898,10.679591836734692,12.8,16.072448979591837
Week292 (2015-12-27),15.181632653061223,6.053061224489796,479.0,10.61734693877551
Week293 (2016-01-03),18.189795918367345,8.728571428571428,75.6,13.459183673469386
Week294 (2016-01-10),15.383673469387753,7.354166666666667,419.6,11.36892006802721
Week295 (2016-01-17),19.00204081632653,8.332653061224491,145.6,13.66734693877551
Week296 (2016-01-24),18.8734693877551,11.110204081632652,229.20000000000002,14.991836734693877
Week297 (2016-01-31),15.173469387755102,7.410204081632654,480.8,11.291836734693877
Week298 (2016-02-07),16.275510204081634,6.191836734693877,173.0,11.233673469387755
Week299 (2016-02-14),19.96734693877551,10.806122448979592,0.6,15.38673469387755
Week300 (2016-02-21),15.873469387755101,5.357142857142857,36.0,10.61530612244898
Week301 (2016-02-28),20.689795918367345,11.275510204081632,10.4,15.98265306122449
Week302 (2016-03-06),22.522448979591836,12.114285714285714,39.4,17.318367346938775
Week303 (2016-03-13),21.20408163265306,12.844897959183672,166.4,17.024489795918367
Week304 (2016-03-20),13.43673469387755,6.338775510204082,427.0,9.887755102040817
Week305 (2016-03-27),12.6,4.842857142857143,31.2,8.721428571428572
Week306 (2016-04-03),11.916326530612244,4.5836734693877546,40.2,8.25
Week307 (2016-04-10),11.961224489795919,4.314285714285714,100.4,8.137755102040817
Week308 (2016-04-17),12.738775510204082,5.236734693877551,34.6,8.987755102040817
Week309 (2016-04-24),12.06938775510204,3.9571428571428573,121.6,8.013265306122449
Week310 (2016-05-01),11.204081632653061,5.86734693877551,324.8,8.535714285714285
Week311 (2016-05-08),8.208163265306123,1.2999999999999998,154.4,4.754081632653062
Week312 (2016-05-15),7.4346938775510205,3.0775510204081633,1174.6,5.256122448979592
Week313 (2016-05-22),7.969387755102041,1.7040816326530612,167.4,4.836734693877551
Week314 (2016-05-29),1.8306122448979592,-1.5571428571428572,318.6,0.136734693877551
Week315 (2016-06-05),5.373469387755102,-0.3428571428571428,178.2,2.5153061224489797
Week316 (2016-06-12),2.704081632653061,-1.0959183673469388,847.2,0.8040816326530611
Week317 (2016-06-19),6.516326530612245,0.8375,111.0,3.6769132653061227
Week318 (2016-06-26),-0.08775510204081628,-2.6265306122448977,629.0,-1.357142857142857
Week319 (2016-07-03),0.7591836734693876,-3.5714285714285716,105.2,-1.406122448979592
Week320 (2016-07-10),2.3224489795918366,-0.9795918367346939,262.59999999999997,0.6714285714285714
Week321 (2016-07-17),2.1021276595744682,-3.4183673469387754,239.8,-0.6581198436821536
Week322 (2016-07-24),4.038775510204082,0.2571428571428571,761.4,2.1479591836734695
Week323 (2016-07-31),0.35714285714285715,-3.371428571428571,201.0,-1.507142857142857
Week324 (2016-08-07),0.8928571428571429,-3.5372093023255813,187.2,-1.3221760797342192
Week325 (2016-08-14),2.5357142857142856,-2.6833333333333336,167.2,-0.07380952380952399
Week326 (2016-08-21),3.7723404255319153,-0.6021739130434782,242.0,1.5850832562442185
Week327 (2016-08-28),0.7612244897959183,-4.073469387755102,162.20000000000002,-1.6561224489795918
Week328 (2016-09-04),5.151063829787234,-0.05918367346938774,596.4,2.545940078158923
Week329 (2016-09-11),7.634693877551021,2.0918367346938775,343.79999999999995,4.863265306122449
Week330 (2016-09-18),3.9591836734693877,-0.7083333333333334,274.6,1.6254251700680271
Week331 (2016-09-25),5.677551020408163,-0.3489795918367347,250.8,2.664285714285714
Week332 (2016-10-02),3.8511111111111114,-1.6354166666666667,432.40000000000003,1.1078472222222224
Week333 (2016-10-09),6.0653061224489795,-0.6063829787234042,455.6,2.7294615718627875
Week334 (2016-10-16),5.461224489795919,-1.6612244897959185,238.20000000000002,1.9000000000000004
Week335 (2016-10-23),4.208163265306122,-2.2285714285714286,655.0,0.9897959183673466
Week336 (2016-10-30),11.057142857142857,1.6102040816326533,86.0,6.333673469387755
Week337 (2016-11-06),6.687755102040816,-1.4510204081632652,151.2,2.6183673469387756
Week338 (2016-11-13),11.848979591836736,3.5979591836734697,107.0,7.723469387755102
Week339 (2016-11-20),15.059183673469388,5.385714285714285,296.2,10.222448979591837
Week340 (2016-11-27),12.724489795918368,4.23469387755102,300.6,8.479591836734695
Week341 (2016-12-04),16.742857142857144,7.448979591836735,3.0,12.09591836734694
Week342 (2016-12-11),13.951020408163266,5.075510204081632,286.4,9.513265306122449
Week343 (2016-12-18),15.048979591836734,6.581632653061225,68.4,10.815306122448979
Week344 (2016-12-25),17.855102040816327,7.216326530612245,51.6,12.535714285714286
Week345 (2017-01-01),17.834693877551018,12.363265306122448,713.0,15.098979591836734
Week346 (2017-01-08),19.277551020408165,9.346938775510203,52.2,14.312244897959184
Week347 (2017-01-15),18.055102040816326,9.863265306122448,566.8,13.959183673469386
Week348 (2017-01-22),19.051020408163264,8.514285714285714,306.8,13.78265306122449
Week349 (2017-01-29),20.1375,10.840425531914894,24.8,15.488962765957446
Week350 (2017-02-05),18.479545454545455,10.3,17.6,14.389772727272728
Week351 (2017-02-12),19.330434782608698,13.04888888888889,258.0,16.189661835748794
Week352 (2017-02-19),14.00204081632653,4.9918367346938775,93.0,9.496938775510204
Week353 (2017-02-26),15.259183673469389,5.1959183673469385,104.8,10.227551020408164
Week354 (2017-03-05),18.024489795918367,8.953061224489796,145.0,13.488775510204082
Week355 (2017-03-12),16.510204081632654,6.514285714285714,21.6,11.512244897959185
Week356 (2017-03-19),18.14081632653061,8.720833333333333,28.2,13.430824829931971
Week357 (2017-03-26),15.393877551020408,9.575510204081633,355.4,12.48469387755102
Week358 (2017-04-02),12.16530612244898,3.9346938775510205,149.8,8.05
Week359 (2017-04-09),10.53061224489796,3.426530612244898,121.8,6.978571428571429
Week360 (2017-04-16),9.56938775510204,1.3918367346938776,348.2,5.480612244897959
Week361 (2017-04-23),12.19795918367347,5.440816326530613,126.2,8.819387755102042
Week362 (2017-04-30),8.451020408163266,1.153061224489796,574.4,4.802040816326532
Week363 (2017-05-07),5.673469387755102,-0.44285714285714284,66.8,2.6153061224489793
Week364 (2017-05-14),8.316326530612244,0.24897959183673468,15.799999999999999,4.282653061224489
Week365 (2017-05-21),8.448979591836734,1.9489795918367347,170.6,5.198979591836734
Week366 (2017-05-28),6.106122448979591,1.1346938775510205,206.6,3.620408163265306
Week367 (2017-06-04),1.769387755102041,-3.973469387755102,189.0,-1.1020408163265305
Week368 (2017-06-11),4.426530612244898,-1.7081632653061225,85.6,1.3591836734693876
Week369 (2017-06-18),8.026530612244898,0.35833333333333334,2.4,4.192431972789115
Week370 (2017-06-25),3.8734693877551023,-1.4448979591836735,19.200000000000003,1.2142857142857144
Week371 (2017-07-02),2.1204081632653065,-4.116326530612245,63.8,-0.9979591836734691
Week372 (2017-07-09),-0.02244897959183671,-2.620833333333333,334.4,-1.321641156462585
Week373 (2017-07-16),0.3591836734693878,-4.222916666666666,70.8,-1.9318664965986394
Week374 (2017-07-23),0.3142857142857143,-3.916326530612245,225.8,-1.8010204081632653
Week375 (2017-07-30),2.0408163265306123,-2.1918367346938776,194.6,-0.07551020408163267
Week376 (2017-08-06),0.8387755102040817,-3.0775510204081633,180.4,-1.1193877551020408
Week377 (2017-08-13),1.8127659574468085,-2.1346938775510202,254.0,-0.1609639600521059
Week378 (2017-08-20),0.7916666666666666,-2.7081632653061223,855.4,-0.9582482993197279
Week379 (2017-08-27),0.8755102040816326,-3.989795918367347,102.6,-1.5571428571428572
Week380 (2017-09-03),3.246938775510204,-4.355102040816327,49.800000000000004,-0.5540816326530613
Week381 (2017-09-10),-0.2755102040816326,-4.316326530612245,371.4,-2.295918367346939
Week382 (2017-09-17),3.6979591836734693,-2.1530612244897958,291.8,0.7724489795918368
Week383 (2017-09-24),8.289795918367346,1.0326530612244897,58.2,4.661224489795918
Week384 (2017-10-01),5.281632653061225,-0.9795918367346939,110.60000000000001,2.1510204081632653
Week385 (2017-10-08),9.883673469387755,1.5591836734693878,57.199999999999996,5.7214285714285715
Week386 (2017-10-15),10.60212765957447,1.5999999999999999,246.4,6.101063829787234
Week387 (2017-10-22),13.206122448979592,4.5265306122448985,175.8,8.866326530612245
Week388 (2017-10-29),12.083673469387756,4.295918367346939,207.20000000000002,8.189795918367349
Week389 (2017-11-05),7.024489795918367,-1.3775510204081634,149.20000000000002,2.8234693877551016
Week390 (2017-11-12),12.689795918367347,2.2755102040816326,142.0,7.4826530612244895
Week391 (2017-11-19),15.48936170212766,7.08125,178.6,11.28530585106383
Week392 (2017-11-26),18.35217391304348,8.229787234042554,71.0,13.290980573543017
Week393 (2017-12-03),15.922222222222222,8.939130434782609,881.0,12.430676328502415
Week394 (2017-12-10),11.465909090909092,3.1,239.4,7.282954545454546
Week395 (2017-12-17),19.504166666666666,10.638297872340425,9.4,15.071232269503547
Week396 (2017-12-24),17.964583333333334,9.60204081632653,127.39999999999999,13.783312074829933
Week397 (2017-12-31),17.14081632653061,7.2877551020408164,371.8,12.214285714285714
Week398 (2018-01-07),19.881632653061224,9.308163265306122,2.4000000000000004,14.594897959183672
Week399 (2018-01-14),15.812244897959182,8.410204081632653,513.4,12.111224489795918
Week400 (2018-01-21),20.95714285714286,9.075000000000001,9.6,15.01607142857143
Week401 (2018-01-28),22.226086956521737,13.821739130434782,110.2,18.02391304347826
Week402 (2018-02-04),15.06326530612245,5.627083333333334,205.20000000000002,10.345174319727892
Week403 (2018-02-11),20.099999999999998,11.13877551020408,34.800000000000004,15.61938775510204
Week404 (2018-02-18),16.577551020408162,6.302040816326531,7.0,11.439795918367347
Week405 (2018-02-25),15.859183673469389,8.877551020408163,205.2,12.368367346938776
Week406 (2018-03-04),17.151020408163266,6.206122448979592,89.80000000000001,11.678571428571429
Week407 (2018-03-11),17.808163265306124,6.6375,2.8000000000000003,12.222831632653062
Week408 (2018-03-18),16.271428571428572,6.742857142857142,8.6,11.507142857142856
Week409 (2018-03-25),12.116326530612247,5.1938775510204085,285.4,8.655102040816328
Week410 (2018-04-01),13.553061224489797,3.8755102040816327,252.8,8.714285714285715
Week411 (2018-04-08),16.020408163265305,6.96530612244898,0.8,11.492857142857142
Week412 (2018-04-15),13.791666666666666,7.285714285714286,279.6,10.538690476190476
Week413 (2018-04-22),12.90408163265306,3.983673469387755,289.2,8.443877551020407
Week414 (2018-04-29),11.879591836734694,3.7687500000000003,9.8,7.824170918367347
Week415 (2018-05-06),9.14468085106383,2.4085106382978725,283.0,5.776595744680852
Week416 (2018-05-13),4.825,-0.575,255.0,2.125
Week417 (2018-05-20),5.8591836734693885,-1.289795918367347,42.8,2.2846938775510206
Week418 (2018-05-27),9.036734693877552,1.529787234042553,80.4,5.2832609639600525
Week419 (2018-06-03),3.9632653061224485,-0.9897959183673469,139.2,1.4867346938775508
Week420 (2018-06-10),4.430612244897959,0.008163265306122457,209.0,2.2193877551020407
Week421 (2018-06-17),0.30625,-2.4877551020408166,494.8,-1.0907525510204084
Week422 (2018-06-24),1.3755102040816325,-3.608333333333333,302.2,-1.1164115646258503
Week423 (2018-07-01),2.289795918367347,-3.11875,73.6,-0.4144770408163265
Week424 (2018-07-08),2.8632653061224493,-1.777551020408163,270.4,0.5428571428571431
Week425 (2018-07-15),1.753061224489796,-4.793877551020408,80.6,-1.520408163265306
Week426 (2018-07-22),-0.1583333333333333,-4.508333333333334,127.0,-2.3333333333333335
Week427 (2018-07-29),1.5571428571428572,-2.144897959183673,181.6,-0.293877551020408
Week428 (2018-08-05),1.7717391304347827,-3.3446808510638295,314.8,-0.7864708603145234
Week429 (2018-08-12),0.5577777777777777,-3.358139534883721,314.0,-1.4001808785529715
Week430 (2018-08-19),0.03673469387755097,-3.3854166666666665,255.2,-1.6743409863945578
Week431 (2018-08-26),1.3244897959183675,-4.05,132.2,-1.3627551020408162
Week432 (2018-09-02),1.1081632653061224,-5.214583333333334,155.6,-2.0532100340136057
Week433 (2018-09-09),4.370212765957447,-2.111111111111111,163.6,1.129550827423168
Week434 (2018-09-16),6.835416666666667,0.10000000000000005,38.4,3.4677083333333334
Week435 (2018-09-23),5.030612244897959,-1.8895833333333334,46.6,1.570514455782313
Week436 (2018-09-30),6.177083333333333,-2.6166666666666667,58.0,1.7802083333333332
Week437 (2018-10-07),9.302040816326532,1.9979591836734696,49.6,5.65
Week438 (2018-10-14),9.575510204081633,1.097872340425532,102.2,5.336691272253582
Week439 (2018-10-21),11.554347826086957,4.682608695652174,190.6,8.118478260869566
Week440 (2018-10-28),12.773913043478261,1.4951219512195122,5.6000000000000005,7.134517497348886
Week441 (2018-11-04),15.670212765957446,6.139130434782608,32.8,10.904671600370026
Week442 (2018-11-11),9.708163265306123,2.573469387755102,373.8,6.140816326530612
Week443 (2018-11-18),13.257142857142858,5.16734693877551,190.20000000000002,9.212244897959184
Week444 (2018-11-25),8.69591836734694,2.6979591836734693,624.6,5.696938775510205
Week445 (2018-12-02),12.197872340425532,4.004166666666666,128.0,8.101019503546098
Week446 (2018-12-09),18.08809523809524,7.826190476190476,45.8,12.957142857142857
Week447 (2018-12-16),16.153658536585368,8.142857142857142,468.6,12.148257839721255
Week448 (2018-12-23),15.846666666666668,6.351162790697675,86.2,11.098914728682171
Week449 (2018-12-30),22.114285714285714,12.769387755102041,10.6,17.44183673469388
Week450 (2019-01-06),21.010416666666668,11.881632653061226,55.4,16.446024659863948
Week451 (2019-01-13),19.806122448979593,9.110204081632652,81.4,14.458163265306123
Week452 (2019-01-20),25.35625,14.043750000000001,35.8,19.7
Week453 (2019-01-27),24.443749999999998,14.353061224489794,42.0,19.398405612244897
Week454 (2019-02-03),19.67142857142857,10.33469387755102,126.39999999999999,15.003061224489795
Week455 (2019-02-10),16.289583333333333,9.208333333333334,287.8,12.748958333333334
Week456 (2019-02-17),15.425531914893616,5.6020408163265305,64.6,10.513786365610073
Week457 (2019-02-24),17.766666666666666,6.6127659574468085,9.0,12.189716312056737
Week458 (2019-03-03),21.8265306122449,10.98723404255319,9.2,16.406882327399046
Week459 (2019-03-10),15.524489795918369,7.085714285714285,162.8,11.305102040816326
Week460 (2019-03-17),14.146938775510206,5.330612244897959,42.6,9.738775510204082
Week461 (2019-03-24),16.089795918367347,9.059183673469388,200.4,12.574489795918367
Week462 (2019-03-31),9.764583333333333,2.5124999999999997,678.8,6.138541666666666
Week463 (2019-04-07),11.979591836734693,4.920408163265306,30.0,8.45
Week464 (2019-04-14),10.255102040816327,2.1183673469387756,74.2,6.186734693877551
Week465 (2019-04-21),14.359183673469389,7.042857142857144,0.0,10.701020408163266
Week466 (2019-04-28),10.140816326530611,3.726530612244898,98.8,6.933673469387754
Week467 (2019-05-05),9.10909090909091,3.8760869565217395,412.0,6.492588932806324
Week468 (2019-05-12),5.0476190476190474,-0.5547619047619048,166.2,2.2464285714285714
Week469 (2019-05-19),10.115555555555556,1.48,0.2,5.797777777777778
Week470 (2019-05-26),7.606976744186047,2.640909090909091,165.6,5.123942917547569
Week471 (2019-06-02),1.2872340425531914,-3.3978260869565218,431.8,-1.0552960222016652
Week472 (2019-06-09),4.364444444444445,-1.8090909090909089,153.4,1.277676767676768
Week473 (2019-06-16),4.610526315789474,0.8341463414634147,489.2,2.722336328626444
Week474 (2019-06-23),0.7159090909090909,-4.656818181818182,99.0,-1.9704545454545457
Week475 (2019-06-30),5.328571428571429,-1.373469387755102,203.8,1.9775510204081637
Week476 (2019-07-07),4.366666666666666,-1.7183673469387755,14.2,1.3241496598639455
Week477 (2019-07-14),0.09999999999999999,-2.8346938775510204,554.0,-1.3673469387755102
Week478 (2019-07-21),1.4354166666666666,-2.9729166666666664,240.4,-0.7687499999999999
Week479 (2019-07-28),3.0979166666666664,-2.0437499999999997,97.8,0.5270833333333333
Week480 (2019-08-04),4.402040816326531,-2.5408163265306123,56.6,0.9306122448979595
Week481 (2019-08-11),0.06326530612244897,-4.106122448979591,314.4,-2.0214285714285714
Week482 (2019-08-18),2.3591836734693876,-3.2979591836734694,156.0,-0.4693877551020409
Week483 (2019-08-25),2.3040816326530615,-3.7204081632653065,343.4,-0.7081632653061225
Week484 (2019-09-01),4.006122448979592,-3.977551020408163,50.800000000000004,0.014285714285714235
Week485 (2019-09-08),4.581632653061225,-0.5041666666666665,273.8,2.038732993197279
Week486 (2019-09-15),6.189583333333334,-1.6020408163265305,139.6,2.293771258503402
Week487 (2019-09-22),6.4,0.23958333333333334,323.40000000000003,3.3197916666666667
Week488 (2019-09-29),5.221951219512195,-2.1285714285714286,56.0,1.5466898954703832
Week489 (2019-10-06),12.928571428571429,3.657142857142857,25.4,8.292857142857143
Week490 (2019-10-13),6.078571428571429,-0.7928571428571429,79.0,2.6428571428571432
Week491 (2019-10-20),7.851282051282051,0.7105263157894738,173.8,4.280904183535762
Week492 (2019-10-27),13.41578947368421,4.127777777777777,44.8,8.771783625730993
Week493 (2019-11-03),16.361363636363635,7.3619047619047615,171.2,11.861634199134198
Week494 (2019-11-10),5.0,-1.7782608695652173,543.2,1.6108695652173912
Week495 (2019-11-17),9.555813953488371,0.35581395348837214,38.6,4.955813953488372
Week496 (2019-11-24),18.8025641025641,7.227500000000001,2.2,13.015032051282052
Week497 (2019-12-01),12.305128205128204,3.9825000000000004,76.0,8.143814102564102
Week498 (2019-12-08),10.694594594594594,1.15,115.8,5.922297297297297
Week499 (2019-12-15),16.795121951219514,6.322222222222222,1.2,11.558672086720868
Week500 (2019-12-22),23.481818181818184,11.904444444444445,0.0,17.693131313131314
Week501 (2019-12-29),22.78139534883721,10.768181818181818,4.8,16.774788583509515
Week502 (2020-01-05),22.143478260869564,12.600000000000001,9.4,17.371739130434783
Week503 (2020-01-12),19.05217391304348,7.044444444444444,134.79999999999998,13.048309178743962
Week504 (2020-01-19),18.721739130434784,8.245454545454546,85.0,13.483596837944665
Week505 (2020-01-26),16.128260869565217,7.132558139534884,459.4,11.63040950455005
Week506 (2020-02-02),23.68888888888889,13.78139534883721,59.0,18.73514211886305
Week507 (2020-02-09),15.665217391304349,5.9173913043478255,98.4,10.791304347826088
Week508 (2020-02-16),17.728571428571428,10.502439024390245,584.0,14.115505226480836
Week509 (2020-02-23),15.704444444444446,6.415555555555556,173.4,11.06
Week510 (2020-03-01),16.291836734693877,7.089795918367346,70.8,11.690816326530612
Week511 (2020-03-08),13.53265306122449,7.6875,550.8,10.610076530612245
Week512 (2020-03-15),12.506382978723403,3.6791666666666667,107.80000000000001,8.092774822695034
Week513 (2020-03-22),14.639583333333334,5.938297872340426,12.0,10.288940602836881
Week514 (2020-03-29),12.456249999999999,3.228571428571428,18.2,7.842410714285713
Week515 (2020-04-05),10.264444444444443,5.0,544.6,7.632222222222222
Week516 (2020-04-12),8.716666666666667,1.469387755102041,305.6,5.093027210884354
Week517 (2020-04-19),11.165957446808509,3.497916666666667,35.8,7.331937056737588
Week518 (2020-04-26),8.530434782608696,2.789130434782609,206.0,5.659782608695652
Week519 (2020-05-03),4.520833333333333,-0.26595744680851063,1002.4,2.1274379432624113
Week520 (2020-05-10),5.856521739130434,0.6959183673469388,185.2,3.2762200532386863
Week521 (2020-05-17),5.78125,-1.75,35.0,2.015625
Week522 (2020-05-24),3.8317073170731706,-0.3931818181818182,164.6,1.7192627494456763
Week523 (2020-05-31),6.052380952380952,0.1585365853658536,13.4,3.1054587688734028
Week524 (2020-06-07),3.8225000000000002,-1.9857142857142855,118.6,0.9183928571428573
Week525 (2020-06-14),5.585365853658536,-0.9375,226.4,2.323932926829268
Week526 (2020-06-21),3.911904761904762,-0.04047619047619047,515.6,1.935714285714286
Week527 (2020-06-28),2.2166666666666663,-2.6595238095238094,157.79999999999998,-0.22142857142857153
Week528 (2020-07-05),2.1075,-2.65609756097561,247.6,-0.274298780487805
Week529 (2020-07-12),3.2720930232558136,-1.4133333333333333,67.6,0.9293798449612402
Week530 (2020-07-19),2.66734693877551,-2.370833333333333,298.8,0.14825680272108843
Week531 (2020-07-26),4.1959183673469385,-1.7916666666666667,71.6,1.2021258503401357
Week532 (2020-08-02),5.277083333333334,-0.876595744680851,214.8,2.200243794326241
Week533 (2020-08-09),0.5541666666666667,-3.936734693877551,245.0,-1.6912840136054421
Week534 (2020-08-16),3.9812499999999997,-0.7680851063829788,273.4,1.6065824468085106
Week535 (2020-08-23),-0.5697674418604651,-3.022222222222222,475.0,-1.7959948320413437
Week536 (2020-08-30),2.1609756097560977,-4.04047619047619,86.4,-0.9397502903600463
Week537 (2020-09-06),4.310526315789474,-1.9121951219512197,45.4,1.1991655969191273
Week538 (2020-09-13),8.515555555555554,1.497872340425532,94.2,5.006713947990543
Week539 (2020-09-20),10.261224489795918,3.5541666666666667,129.2,6.9076955782312925
Week540 (2020-09-27),1.6869565217391302,-2.0361702127659576,381.8,-0.17460684551341366
Week541 (2020-10-04),9.884782608695652,1.4333333333333333,195.4,5.659057971014493
Week542 (2020-10-11),7.619999999999999,3.393617021276596,750.0,5.506808510638297
Week543 (2020-10-18),12.234090909090908,4.646808510638298,491.4,8.440449709864602
Week544 (2020-10-25),10.382222222222222,3.2204545454545452,429.6,6.801338383838384
Week545 (2020-11-01),8.708695652173914,1.4617021276595745,266.0,5.085198889916744
Week546 (2020-11-08),12.726086956521739,2.1645833333333333,84.6,7.445335144927536
Week547 (2020-11-15),15.16938775510204,6.014583333333333,70.4,10.591985544217687
Week548 (2020-11-22),18.54888888888889,8.841304347826087,19.400000000000002,13.69509661835749
Week549 (2020-11-29),17.13170731707317,8.9,312.40000000000003,13.015853658536585
Week550 (2020-12-06),15.040476190476191,4.619047619047619,228.6,9.829761904761906
Week551 (2020-12-13),13.030434782608696,1.8431818181818185,127.2,7.436808300395257
Week552 (2020-12-20),16.6734693877551,7.606122448979591,154.6,12.139795918367346
Week553 (2020-12-27),14.373913043478263,4.7,166.0,9.536956521739132
Week554 (2021-01-03),15.546938775510203,6.8591836734693885,179.0,11.203061224489796
Week555 (2021-01-10),15.799999999999999,6.912244897959184,312.4,11.35612244897959
Week556 (2021-01-17),17.2,7.508163265306122,45.2,12.35408163265306
Week557 (2021-01-24),19.93877551020408,8.253061224489796,2.6,14.09591836734694
Week558 (2021-01-31),15.954347826086956,9.653061224489797,713.6,12.803704525288376
Week559 (2021-02-07),14.083333333333334,6.4734693877551015,657.4,10.278401360544217
Week560 (2021-02-14),16.046938775510203,7.56938775510204,166.0,11.80816326530612
Week561 (2021-02-21),18.45625,8.76734693877551,2.0,13.611798469387756
Week562 (2021-02-28),13.651020408163264,4.659183673469388,37.6,9.155102040816326
Week563 (2021-03-07),13.575000000000001,2.8836734693877553,19.2,8.229336734693877
Week564 (2021-03-14),14.526530612244898,7.0687500000000005,271.8,10.79764030612245
Week565 (2021-03-21),12.810204081632653,5.330612244897959,159.4,9.070408163265306
Week566 (2021-03-28),9.236170212765957,5.695833333333333,788.8,7.466001773049645
Week567 (2021-04-04),15.958333333333334,6.348936170212766,3.2,11.15363475177305
Week568 (2021-04-11),10.966666666666667,5.263829787234043,72.0,8.115248226950355
Week569 (2021-04-18),7.571739130434783,-0.19111111111111106,63.0,3.690314009661836
Week570 (2021-04-25),5.397777777777778,-0.9404255319148936,74.8,2.228676122931442
Week571 (2021-05-02),11.67659574468085,3.1374999999999997,1.4000000000000001,7.407047872340424
Week572 (2021-05-09),8.534782608695652,4.0285714285714285,412.8,6.28167701863354
Week573 (2021-05-16),2.8204081632653057,-0.7428571428571429,492.6,1.0387755102040814
Week574 (2021-05-23),6.964583333333334,-1.0145833333333332,67.2,2.975
Week575 (2021-05-30),4.551020408163265,-1.2625,306.4,1.6442602040816325
Week576 (2021-06-06),5.066666666666667,-0.5270833333333333,109.80000000000001,2.269791666666667
Week577 (2021-06-13),1.8090909090909089,-1.6863636363636365,783.8000000000001,0.061363636363636176
Week578 (2021-06-20),2.0040816326530613,-1.3916666666666666,133.8,0.30620748299319733
Week579 (2021-06-27),2.61875,-1.5632653061224488,657.2,0.5277423469387755
Week580 (2021-07-04),2.253061224489796,-1.989795918367347,120.6,0.1316326530612244
Week581 (2021-07-11),2.5083333333333333,-3.8836734693877553,69.8,-0.687670068027211
Week582 (2021-07-18),1.0319148936170213,-1.9437499999999999,403.4,-0.4559175531914893
Week583 (2021-07-25),-0.5804878048780489,-3.9547619047619045,251.4,-2.2676248548199767
Week584 (2021-08-01),1.776190476190476,-2.288095238095238,491.6,-0.25595238095238093
Week585 (2021-08-08),1.54375,-2.829166666666667,184.6,-0.6427083333333335
Week586 (2021-08-15),2.875,-1.4777777777777779,125.60000000000001,0.6986111111111111
Week587 (2021-08-22),4.411111111111111,-0.6454545454545455,79.2,1.882828282828283
Week588 (2021-08-29),1.1387755102040815,-2.438775510204082,321.6,-0.6500000000000001
Week589 (2021-09-05),6.173469387755102,1.5020408163265304,580.6,3.8377551020408163
Week590 (2021-09-12),6.20204081632653,-0.15714285714285714,51.6,3.0224489795918363
Week591 (2021-09-19),4.146938775510204,-2.326530612244898,325.0,0.9102040816326531
Week592 (2021-09-26),4.438775510204081,-2.3938775510204082,288.4,1.0224489795918366
Week593 (2021-10-03),7.664583333333333,1.7583333333333335,390.2,4.711458333333333
Week594 (2021-10-10),6.414583333333333,0.5755102040816327,202.2,3.495046768707483
Week595 (2021-10-17),5.542857142857144,-1.316326530612245,444.0,2.1132653061224493
Week596 (2021-10-24),9.263265306122449,1.5632653061224488,171.6,5.413265306122449
Week597 (2021-10-31),10.553333333333333,0.07608695652173915,72.0,5.314710144927536
Week598 (2021-11-07),13.16904761904762,6.092499999999999,351.8,9.63077380952381
Week599 (2021-11-14),8.269047619047619,1.6976190476190476,571.4,4.983333333333333
Week600 (2021-11-21),7.9452380952380945,0.6976190476190476,241.4,4.321428571428571
Week601 (2021-11-28),11.87142857142857,4.107142857142857,471.8,7.989285714285714
Week602 (2021-12-05),16.389473684210525,6.355263157894737,81.60000000000001,11.37236842105263
Week603 (2021-12-12),10.80857142857143,3.2323529411764707,306.2,7.02046218487395
Week604 (2021-12-19),17.45,8.417391304347825,157.4,12.933695652173913
Week605 (2021-12-26),17.58695652173913,7.510869565217392,304.8,12.54891304347826
Week606 (2022-01-02),18.391489361702128,7.491666666666667,2.6,12.941578014184397
Week607 (2022-01-09),17.847619047619048,9.783333333333333,305.0,13.81547619047619
Week608 (2022-01-16),18.35,10.1075,287.6,14.228750000000002
Week609 (2022-01-23),17.44468085106383,7.729787234042553,38.0,12.587234042553192
Week610 (2022-01-30),19.659183673469386,11.60204081632653,393.0,15.630612244897957
Week611 (2022-02-06),13.735714285714286,5.962790697674418,177.4,9.849252491694351
Week612 (2022-02-13),15.760000000000002,6.231111111111111,43.8,10.995555555555557
Week613 (2022-02-20),18.385714285714286,9.269387755102041,42.599999999999994,13.827551020408164
Week614 (2022-02-27),16.161224489795917,8.669387755102042,191.6,12.415306122448978
Week615 (2022-03-06),15.477551020408162,9.35744680851064,495.0,12.4174989144594
Week616 (2022-03-13),12.4734693877551,4.7877551020408164,134.0,8.630612244897959
Week617 (2022-03-20),15.56938775510204,8.061224489795919,115.4,11.81530612244898
Week618 (2022-03-27),14.859523809523811,6.17906976744186,62.8,10.519296788482835
Week619 (2022-04-03),10.247619047619047,4.292857142857143,183.4,7.270238095238095
Week620 (2022-04-10),10.64255319148936,5.497872340425531,319.6,8.070212765957447
Week621 (2022-04-17),11.77142857142857,4.036734693877551,22.6,7.90408163265306
Week622 (2022-04-24),9.287755102040817,3.163265306122449,332.6,6.225510204081633
Week623 (2022-05-01),9.991836734693878,3.604081632653061,250.2,6.79795918367347
Week624 (2022-05-08),4.820408163265306,0.038775510204081605,114.6,2.429591836734694
Week625 (2022-05-15),8.779166666666667,4.177551020408163,301.8,6.478358843537415
Week626 (2022-05-22),4.746938775510204,-0.9428571428571427,133.4,1.9020408163265305
Week627 (2022-05-29),6.204081632653061,0.6183673469387756,121.6,3.4112244897959183
Week628 (2022-06-05),-0.32653061224489793,-3.6551020408163266,233.0,-1.9908163265306122
Week629 (2022-06-12),-1.1020408163265305,-3.5673469387755103,313.0,-2.3346938775510204
Week630 (2022-06-19),2.7142857142857144,-2.677551020408163,251.4,0.01836734693877573
Week631 (2022-06-26),1.6755102040816325,-0.9551020408163267,316.8,0.36020408163265294
Week632 (2022-07-03),2.7795918367346935,-3.0,101.0,-0.11020408163265327
Week633 (2022-07-10),2.520408163265306,-2.9857142857142858,45.2,-0.23265306122448992
Week634 (2022-07-17),0.7306122448979593,-4.26530612244898,130.0,-1.76734693877551
Week635 (2022-07-24),2.0306122448979593,-3.25625,148.4,-0.6128188775510204
Week636 (2022-07-31),1.1673469387755102,-3.016326530612245,281.59999999999997,-0.9244897959183674
Week637 (2022-08-07),2.6133333333333333,-1.3977777777777778,764.8,0.6077777777777778
Week638 (2022-08-14),1.7928571428571427,-2.7023809523809526,170.4,-0.4547619047619049
Week639 (2022-08-21),2.1148936170212767,-2.325531914893617,536.4,-0.10531914893617023
Week640 (2022-08-28),3.295918367346939,-2.7,289.8,0.2979591836734694
Week641 (2022-09-04),4.837209302325581,-1.7325581395348837,197.8,1.5523255813953487
Week642 (2022-09-11),4.045238095238095,-0.9238095238095237,257.0,1.5607142857142857
Week643 (2022-09-18),2.392857142857143,-2.4595238095238097,356.2,-0.03333333333333344
Week644 (2022-09-25),7.123809523809523,0.6619047619047619,353.8,3.892857142857143
Week645 (2022-10-02),6.038095238095238,0.4166666666666667,299.0,3.2273809523809525
Week646 (2022-10-09),6.395238095238096,0.5547619047619048,415.4,3.475
Week647 (2022-10-16),7.4523809523809526,0.48571428571428565,543.8,3.969047619047619
Week648 (2022-10-23),12.004761904761905,4.571428571428571,344.2,8.288095238095238
Week649 (2022-10-30),7.180952380952381,2.5976190476190477,1163.4,4.889285714285714
Week650 (2022-11-06),6.7468085106382985,-0.15999999999999998,637.6,3.293404255319149
Week651 (2022-11-13),13.604444444444445,6.543478260869565,568.0,10.073961352657005
Week652 (2022-11-20),6.375,-0.5317073170731706,868.0,2.921646341463415
Week653 (2022-11-27),9.441025641025641,1.5487179487179488,309.0,5.494871794871795
Week654 (2022-12-04),13.851020408163267,4.220408163265306,41.8,9.035714285714286
Week655 (2022-12-11),11.016326530612243,2.389795918367347,107.4,6.703061224489796
Week656 (2022-12-18),5.912244897959184,-0.48163265306122444,591.2,2.71530612244898
Week657 (2022-12-25),15.972916666666668,5.783333333333334,29.6,10.878125
Week658 (2023-01-01),19.248979591836736,10.66734693877551,224.8,14.958163265306123
Week659 (2023-01-08),14.914285714285713,6.404081632653061,48.4,10.659183673469387
Week660 (2023-01-15),21.514583333333334,11.17142857142857,79.0,16.343005952380953
Week661 (2023-01-22),16.295454545454547,7.544444444444444,273.0,11.919949494949496
Week662 (2023-01-29),17.619565217391305,8.804444444444444,139.8,13.212004830917873
Week663 (2023-02-05),11.9,4.625531914893617,586.2,8.26276595744681
Week664 (2023-02-12),17.89761904761905,7.926190476190476,72.4,12.911904761904761
Week665 (2023-02-19),19.22826086956522,8.452272727272726,51.0,13.840266798418973
Week666 (2023-02-26),17.56122448979592,8.339583333333334,24.4,12.950403911564626
Week667 (2023-03-05),16.96938775510204,7.522448979591837,39.0,12.245918367346938
Week668 (2023-03-12),11.877551020408163,3.722448979591837,199.2,7.8
Week669 (2023-03-19),17.585714285714285,8.764285714285714,112.39999999999999,13.175
Week670 (2023-03-26),14.330000000000002,7.030769230769231,300.6,10.680384615384616
Week671 (2023-04-02),8.926315789473684,4.083333333333333,588.4,6.504824561403508
Week672 (2023-04-09),10.061904761904762,4.2404761904761905,308.2,7.151190476190476
Week673 (2023-04-16),8.49047619047619,1.9333333333333333,398.8,5.211904761904762
Week674 (2023-04-23),11.459574468085107,2.431914893617021,139.79999999999998,6.945744680851064
Week675 (2023-04-30),9.697916666666666,3.719148936170213,155.8,6.708532801418439
Week676 (2023-05-07),3.0638297872340425,-1.051111111111111,459.2,1.0063593380614657
Week677 (2023-05-14),7.1020408163265305,-0.7916666666666666,99.2,3.1551870748299318
Week678 (2023-05-21),3.5812500000000003,-1.9734693877551022,128.6,0.803890306122449
Week679 (2023-05-28),4.118367346938776,-1.3877551020408163,127.2,1.3653061224489798
Week680 (2023-06-04),5.804081632653061,1.0346938775510204,321.6,3.4193877551020404
Week681 (2023-06-11),4.881632653061224,1.5408163265306123,703.6,3.211224489795918
Week682 (2023-06-18),1.4627906976744185,-1.1818181818181819,261.6,0.1404862579281183
Week683 (2023-06-25),0.430952380952381,-3.657142857142857,203.2,-1.6130952380952381
Week684 (2023-07-02),1.52,-2.713636363636364,215.6,-0.5968181818181819
Week685 (2023-07-09),1.9653061224489796,-1.1693877551020408,396.4,0.3979591836734694
Week686 (2023-07-16),3.7104166666666667,-0.7714285714285714,190.2,1.4694940476190477
Week687 (2023-07-23),2.9020408163265303,-3.061224489795918,50.0,-0.07959183673469394
Week688 (2023-07-30),5.124489795918367,0.06938775510204083,148.6,2.5969387755102042
Week689 (2023-08-06),5.720408163265306,0.08775510204081632,209.8,2.904081632653061
Week690 (2023-08-13),3.4104166666666664,-1.9489795918367347,84.0,0.7307185374149658
Week691 (2023-08-20),3.3877551020408165,-2.989795918367347,134.8,0.19897959183673475
Week692 (2023-08-27),6.71875,0.3127659574468085,143.2,3.5157579787234043
Week693 (2023-09-03),7.095652173913043,-0.10638297872340427,210.6,3.4946345975948194
Week694 (2023-09-10),4.977777777777778,-1.6472222222222221,286.8,1.6652777777777779
Week695 (2023-09-17),12.582857142857142,3.8857142857142857,26.0,8.234285714285713
Week696 (2023-09-24),11.421621621621622,2.708108108108108,132.2,7.064864864864865
Week697 (2023-10-01),13.641463414634146,5.2625,9.6,9.451981707317072
Week698 (2023-10-08),8.547619047619047,1.1166666666666667,921.6,4.832142857142857
Week699 (2023-10-15),8.752380952380953,1.45,209.2,5.101190476190476
Week700 (2023-10-22),11.673809523809524,1.9976190476190478,217.6,6.835714285714286
Week701 (2023-10-29),9.187179487179488,-0.7075,115.0,4.239839743589744
Week702 (2023-11-05),11.497499999999999,1.735897435897436,39.8,6.616698717948717
Week703 (2023-11-12),17.145238095238096,7.752380952380953,179.2,12.448809523809524
Week704 (2023-11-19),14.760975609756098,3.4095238095238094,31.8,9.085249709639953
Week705 (2023-11-26),15.030434782608696,7.406666666666667,356.4,11.218550724637682
Week706 (2023-12-03),11.77872340425532,6.110416666666667,809.6,8.944570035460993
Week707 (2023-12-10),19.133333333333333,9.96304347826087,109.4,14.548188405797102
Week708 (2023-12-17),17.689583333333335,9.327659574468084,78.60000000000001,13.508621453900709
Week709 (2023-12-24),14.385714285714286,5.738775510204081,79.4,10.062244897959184
Week710 (2023-12-31),14.11304347826087,5.771428571428571,380.6,9.942236024844721
Week711 (2024-01-07),18.330232558139535,9.597674418604651,270.0,13.963953488372093
Week712 (2024-01-14),19.173809523809524,11.185714285714287,484.0,15.179761904761905
Week713 (2024-01-21),15.348780487804877,7.374358974358975,207.4,11.361569731081925
Week714 (2024-01-28),17.10952380952381,7.766666666666667,263.6,12.438095238095238
Week715 (2024-02-04),20.26904761904762,9.407142857142858,1.8,14.838095238095239
Week716 (2024-02-11),16.94468085106383,7.439130434782609,225.6,12.191905642923219
Week717 (2024-02-18),19.05581395348837,10.177272727272728,122.4,14.616543340380549
Week718 (2024-02-25),18.377777777777776,8.365909090909092,127.6,13.371843434343434
Week719 (2024-03-03),19.383673469387755,11.024489795918369,1.5999999999999999,15.204081632653061
Week720 (2024-03-10),20.772916666666667,9.695744680851064,0.0,15.234330673758866
Week721 (2024-03-17),16.846938775510203,9.341666666666667,43.8,13.094302721088436
Week722 (2024-03-24),13.908333333333333,4.523404255319149,224.2,9.21586879432624
Week723 (2024-03-31),16.569387755102042,6.865306122448979,0.0,11.71734693877551
Week724 (2024-04-07),11.214285714285714,5.6387755102040815,466.2,8.426530612244898
Week725 (2024-04-14),9.677083333333334,1.55,169.2,5.613541666666667
Week726 (2024-04-21),10.351020408163265,1.9040816326530612,42.6,6.127551020408163
Week727 (2024-04-28),9.795918367346939,2.2346938775510203,60.8,6.01530612244898
Week728 (2024-05-05),8.140816326530611,0.7387755102040817,22.4,4.439795918367347
Week729 (2024-05-12),8.024489795918367,2.6857142857142855,173.6,5.355102040816326
Week730 (2024-05-19),7.810204081632653,0.1285714285714285,48.2,3.9693877551020407
Week731 (2024-05-26),7.987755102040816,-0.6448979591836735,20.799999999999997,3.6714285714285713
Week732 (2024-06-02),7.188888888888889,1.241304347826087,505.2,4.215096618357488
Week733 (2024-06-09),5.170212765957447,0.15869565217391302,108.80000000000001,2.66445420906568
Week734 (2024-06-16),2.063265306122449,-2.975510204081633,451.0,-0.45612244897959187
Week735 (2024-06-23),2.5979591836734692,-4.2306122448979595,29.2,-0.8163265306122451
Week736 (2024-06-30),1.079591836734694,-1.9244897959183673,280.2,-0.4224489795918367
Week737 (2024-07-07),2.997826086956522,-4.202083333333333,31.0,-0.6021286231884058
Week738 (2024-07-14),2.4782608695652173,-1.1804347826086956,231.4,0.6489130434782608
Week739 (2024-07-21),0.18695652173913044,-3.9583333333333335,482.8,-1.8856884057971015
Week740 (2024-07-28),1.4553191489361703,-2.2,307.6,-0.37234042553191493
Week741 (2024-08-04),3.095744680851064,-4.232608695652174,64.0,-0.5684320074005551
Week742 (2024-08-11),3.793617021276596,-1.9,21.4,0.946808510638298
Week743 (2024-08-18),6.320833333333333,1.629787234042553,153.4,3.975310283687943
Week744 (2024-08-25),5.959183673469388,1.3291666666666668,210.6,3.6441751700680274
Week745 (2024-09-01),3.687755102040816,-0.3408163265306122,469.0,1.673469387755102
Week746 (2024-09-08),6.352083333333333,-0.1877551020408163,214.8,3.0821641156462585
Week747 (2024-09-15),6.251020408163265,-1.14375,231.2,2.553635204081633
Week748 (2024-09-22),3.1183673469387756,-2.222448979591837,245.20000000000002,0.4479591836734693
Week749 (2024-09-29),8.816666666666666,0.23023255813953494,361.40000000000003,4.523449612403101
Week750 (2024-10-06),9.295238095238094,1.9714285714285713,262.40000000000003,5.633333333333333
Week751 (2024-10-13),10.061904761904762,-0.36904761904761907,104.0,4.8464285714285715
Week752 (2024-10-20),13.583333333333334,5.023809523809524,465.8,9.303571428571429
Week753 (2024-10-27),11.923809523809524,2.0095238095238095,47.2,6.966666666666667
Week754 (2024-11-03),13.963414634146341,3.9285714285714284,7.0,8.945993031358885
Week755 (2024-11-10),14.083333333333334,5.090476190476191,30.4,9.586904761904762
Week756 (2024-11-17),15.204761904761906,6.076190476190476,110.6,10.64047619047619
Week757 (2024-11-24),16.85,6.653658536585366,203.6,11.751829268292685
Week758 (2024-12-01),15.397499999999999,10.461904761904762,895.2,12.929702380952381
Week759 (2024-12-08),17.775,10.147619047619047,561.6,13.961309523809522
Week760 (2024-12-15),17.03777777777778,7.25,0.4,12.14388888888889
Week761 (2024-12-22),18.369387755102043,7.373469387755102,12.4,12.871428571428572
Week762 (2024-12-29),14.961224489795919,4.666666666666667,94.6,9.813945578231293
Week763 (2025-01-05),20.273469387755103,8.434693877551021,0.8,14.354081632653063
Week764 (2025-01-12),17.368750000000002,8.091666666666667,239.6,12.730208333333334
Week765 (2025-01-19),17.933333333333334,6.495833333333334,418.8,12.214583333333334
Week766 (2025-01-26),18.791304347826088,8.224444444444446,63.6,13.507874396135268
Week767 (2025-02-02),22.127906976744185,10.023809523809524,16.0,16.075858250276855
Week768 (2025-02-09),21.66904761904762,12.666666666666666,43.8,17.167857142857144
Week769 (2025-02-16),14.331914893617022,6.410869565217391,322.0,10.371392229417207
Week770 (2025-02-23),16.695918367346938,5.238775510204081,20.6,10.96734693877551
Week771 (2025-03-02),20.451020408163266,10.783673469387754,48.2,15.61734693877551
Week772 (2025-03-09),20.03469387755102,8.244897959183673,4.0,14.139795918367348
Week773 (2025-03-16),19.665306122448982,12.6,98.4,16.13265306122449
Week774 (2025-03-23),15.326530612244898,5.76530612244898,590.2,10.545918367346939
Week775 (2025-03-30),16.39183673469388,9.55625,104.0,12.97404336734694
Week776 (2025-04-06),9.404166666666667,2.436734693877551,128.0,5.920450680272109
Week777 (2025-04-13),14.11875,5.422916666666667,15.0,9.770833333333334
Week778 (2025-04-20),15.048979591836734,7.120408163265306,3.6,11.08469387755102
Week779 (2025-04-27),11.489795918367347,5.726530612244899,227.0,8.608163265306123
Week780 (2025-05-04),9.442857142857143,1.8224489795918366,68.4,5.63265306122449
Week781 (2025-05-11),10.222448979591837,2.648979591836735,38.2,6.435714285714286
Week782 (2025-05-18),8.057142857142857,1.9224489795918367,41.0,4.989795918367347
Week783 (2025-05-25),6.814285714285714,0.7083333333333334,351.2,3.7613095238095235
Week784 (2025-06-01),7.962790697674418,0.8395348837209302,261.0,4.401162790697674
Week785 (2025-06-08),3.473913043478261,-1.7065217391304348,189.2,0.8836956521739131
Week786 (2025-06-15),0.6448979591836735,-3.13265306122449,118.8,-1.243877551020408
Week787 (2025-06-22),4.736734693877551,-1.304081632653061,54.800000000000004,1.716326530612245
Week788 (2025-06-29),1.6446808510638298,-2.6183673469387756,508.79999999999995,-0.4868432479374729
Week789 (2025-07-06),3.044897959183673,-1.583673469387755,204.2,0.7306122448979591
Week790 (2025-07-13),0.8795918367346939,-2.6061224489795918,318.8,-0.8632653061224489
Week791 (2025-07-20),0.23469387755102042,-3.8877551020408165,149.8,-1.826530612244898
Week792 (2025-07-27),1.5456521739130433,-2.7489361702127657,417.8,-0.6016419981498612
Week793 (2025-08-03),0.7000000000000001,-0.8833333333333333,223.6,-0.09166666666666662
